Product ID,Product Name,Product Category,Target Market,Customer Segment,Customer Persona,Geography,Industry,Customer Pain Point,Value Proposition,Competitor Name,Competitor Price,Proposed Product Price,Pricing Model,Marketing Channel,Campaign Type,Campaign Budget,Expected Reach,Expected Leads,Expected Conversions,Conversion Rate %,Customer Acquisition Cost,Expected Revenue,Revenue Forecast,Market Demand Score,Product Readiness Score,Channel Effectiveness Score,Launch Risk Score,GTM Priority,Launch Phase,Launch Status
LP-001,LaunchPilot AI,AI SaaS / Product Management,SaaS Startups,Founder,Maya Founder,US,Technology,Unclear target segment,"AI-assisted GTM planning with market, customer, channel, revenue and launch-readiness insights",Productboard,119,89,Tiered SaaS Subscription,LinkedIn,Thought Leadership,1500,4819,268,26,9.7,57.69,2314,10897.58,70,86,87,20,High,Pre-Launch,Planned
LP-002,LaunchPilot AI,AI SaaS / Product Management,SaaS Startups,Product Manager,Arjun Product Manager,India,Technology,Unclear target segment,"AI-assisted GTM planning with market, customer, channel, revenue and launch-readiness insights",Aha!,59,39,Tiered SaaS Subscription,Google Ads,Search Campaign,2100,11623,497,31,6.24,67.74,1209,5619.5,91,75,88,55,High,Launch,In Progress
LP-003,LaunchPilot AI,AI SaaS / Product Management,Mid-Market SaaS,Product Marketing Manager,Sofia Product Marketer,UK,Technology,Unclear target segment,"AI-assisted GTM planning with market, customer, channel, revenue and launch-readiness insights",Jira Product Discovery,10,39,Tiered SaaS Subscription,Email,Nurture Sequence,5600,9231,492,56,11.38,100.0,2184,6870.74,86,71,65,42,High,Post-Launch,Ready
LP-004,LaunchPilot AI,AI SaaS / Product Management,Digital Agencies,Strategy Lead,Daniel Growth Lead,India,Professional Services,Manual revenue forecasting,"AI-assisted GTM planning with market, customer, channel, revenue and launch-readiness insights",Notion,10,59,Tiered SaaS Subscription,SEO,Product Webinar,3000,23782,702,47,6.7,63.83,2773,11393.38,89,70,95,36,Medium,Pre-Launch,Launched
LP-005,LaunchPilot AI,AI SaaS / Product Management,FinTech Scaleups,Growth Manager,Priya Strategy Analyst,Singapore,Financial Services,Slow cross-functional alignment,"AI-assisted GTM planning with market, customer, channel, revenue and launch-readiness insights",Amplitude,49,79,Tiered SaaS Subscription,Webinars,Video Demo,3100,22918,586,41,7.0,75.61,3239,10311.99,83,70,74,24,High,Launch,Optimizing
LP-006,LaunchPilot AI,AI SaaS / Product Management,EdTech Companies,Product Manager,Maya Founder,India,Education,Weak competitor visibility,"AI-assisted GTM planning with market, customer, channel, revenue and launch-readiness insights",Productboard,119,59,Tiered SaaS Subscription,YouTube,Retargeting,3700,24830,1511,129,8.54,28.68,7611,23811.17,82,90,64,56,Medium,Post-Launch,Planned
LP-007,LaunchPilot AI,AI SaaS / Product Management,E-commerce Brands,Growth Lead,Arjun Product Manager,US,Retail,Weak competitor visibility,"AI-assisted GTM planning with market, customer, channel, revenue and launch-readiness insights",Aha!,59,49,Tiered SaaS Subscription,Meta Ads,Partner Campaign,4200,27892,793,106,13.37,39.62,5194,28403.75,79,89,80,21,High,Pre-Launch,In Progress
LP-008,LaunchPilot AI,AI SaaS / Product Management,B2B SaaS,Business Analyst,Sofia Product Marketer,Germany,Technology,Poor channel attribution,"AI-assisted GTM planning with market, customer, channel, revenue and launch-readiness insights",Jira Product Discovery,10,39,Tiered SaaS Subscription,Partnerships,Community Launch,5900,14336,531,37,6.97,159.46,1443,7401.3,85,74,91,43,Medium,Launch,Ready
LP-009,LaunchPilot AI,AI SaaS / Product Management,Consulting Firms,Consultant,Daniel Growth Lead,UAE,Professional Services,Poor channel attribution,"AI-assisted GTM planning with market, customer, channel, revenue and launch-readiness insights",Notion,10,69,Tiered SaaS Subscription,Community Marketing,Influencer Review,1700,12679,287,51,17.77,33.33,3519,11571.26,92,86,85,41,High,Post-Launch,Launched
LP-010,LaunchPilot AI,AI SaaS / Product Management,Tech SMEs,Founder,Priya Strategy Analyst,Australia,Technology,Fragmented launch planning,"AI-assisted GTM planning with market, customer, channel, revenue and launch-readiness insights",Amplitude,49,49,Tiered SaaS Subscription,Influencers,SEO Content,4000,20171,403,27,6.7,148.15,1323,3914.13,75,93,87,56,High,Pre-Launch,Optimizing
LP-011,LaunchPilot AI,AI SaaS / Product Management,SaaS Startups,Founder,Maya Founder,US,Technology,Poor channel attribution,"AI-assisted GTM planning with market, customer, channel, revenue and launch-readiness insights",Productboard,119,69,Tiered SaaS Subscription,LinkedIn,Thought Leadership,3200,23526,1641,237,14.44,13.5,16353,83111.49,65,89,67,61,Medium,Launch,Planned
LP-012,LaunchPilot AI,AI SaaS / Product Management,SaaS Startups,Product Manager,Arjun Product Manager,India,Technology,Unclear target segment,"AI-assisted GTM planning with market, customer, channel, revenue and launch-readiness insights",Aha!,59,59,Tiered SaaS Subscription,Google Ads,Search Campaign,5700,25003,842,90,10.69,63.33,5310,20502.82,81,84,71,50,High,Post-Launch,In Progress
LP-013,LaunchPilot AI,AI SaaS / Product Management,Mid-Market SaaS,Product Marketing Manager,Sofia Product Marketer,UK,Technology,Weak competitor visibility,"AI-assisted GTM planning with market, customer, channel, revenue and launch-readiness insights",Jira Product Discovery,10,89,Tiered SaaS Subscription,Email,Nurture Sequence,2700,24937,1070,98,9.16,27.55,8722,41756.86,65,87,80,49,High,Pre-Launch,Ready
LP-014,LaunchPilot AI,AI SaaS / Product Management,Digital Agencies,Strategy Lead,Daniel Growth Lead,India,Professional Services,Poor channel attribution,"AI-assisted GTM planning with market, customer, channel, revenue and launch-readiness insights",Notion,10,39,Tiered SaaS Subscription,SEO,Product Webinar,3100,14076,396,39,9.85,79.49,1521,8123.43,70,91,91,22,Medium,Launch,Launched
LP-015,LaunchPilot AI,AI SaaS / Product Management,FinTech Scaleups,Growth Manager,Priya Strategy Analyst,Singapore,Financial Services,Weak competitor visibility,"AI-assisted GTM planning with market, customer, channel, revenue and launch-readiness insights",Amplitude,49,49,Tiered SaaS Subscription,Webinars,Video Demo,1600,25618,1053,155,14.72,10.32,7595,31010.55,92,74,94,62,High,Post-Launch,Optimizing
LP-016,LaunchPilot AI,AI SaaS / Product Management,EdTech Companies,Product Manager,Maya Founder,India,Education,Manual revenue forecasting,"AI-assisted GTM planning with market, customer, channel, revenue and launch-readiness insights",Productboard,119,89,Tiered SaaS Subscription,YouTube,Retargeting,2700,17074,1190,195,16.39,13.85,17355,90225.91,93,71,75,32,High,Pre-Launch,Planned
LP-017,LaunchPilot AI,AI SaaS / Product Management,E-commerce Brands,Growth Lead,Arjun Product Manager,US,Retail,Fragmented launch planning,"AI-assisted GTM planning with market, customer, channel, revenue and launch-readiness insights",Aha!,59,59,Tiered SaaS Subscription,Meta Ads,Partner Campaign,900,23277,1058,163,15.41,5.52,9617,26090.72,68,75,64,20,High,Launch,In Progress
LP-018,LaunchPilot AI,AI SaaS / Product Management,B2B SaaS,Business Analyst,Sofia Product Marketer,Germany,Technology,Poor channel attribution,"AI-assisted GTM planning with market, customer, channel, revenue and launch-readiness insights",Jira Product Discovery,10,39,Tiered SaaS Subscription,Partnerships,Community Launch,4000,11798,357,49,13.73,81.63,1911,5536.04,95,75,90,44,High,Post-Launch,Ready
LP-019,LaunchPilot AI,AI SaaS / Product Management,Consulting Firms,Consultant,Daniel Growth Lead,UAE,Professional Services,Manual revenue forecasting,"AI-assisted GTM planning with market, customer, channel, revenue and launch-readiness insights",Notion,10,39,Tiered SaaS Subscription,Community Marketing,Influencer Review,1400,25593,990,126,12.73,11.11,4914,25019.68,68,89,66,21,High,Pre-Launch,Launched
LP-020,LaunchPilot AI,AI SaaS / Product Management,Tech SMEs,Founder,Priya Strategy Analyst,Australia,Technology,Manual revenue forecasting,"AI-assisted GTM planning with market, customer, channel, revenue and launch-readiness insights",Amplitude,49,89,Tiered SaaS Subscription,Influencers,SEO Content,2900,7580,217,19,8.76,152.63,1691,4938.64,76,76,89,33,High,Launch,Optimizing
LP-021,LaunchPilot AI,AI SaaS / Product Management,SaaS Startups,Founder,Maya Founder,US,Technology,Poor channel attribution,"AI-assisted GTM planning with market, customer, channel, revenue and launch-readiness insights",Productboard,119,69,Tiered SaaS Subscription,LinkedIn,Thought Leadership,5900,22033,449,73,16.26,80.82,5037,25225.71,70,92,75,28,High,Post-Launch,Planned
LP-022,LaunchPilot AI,AI SaaS / Product Management,SaaS Startups,Product Manager,Arjun Product Manager,India,Technology,Unclear target segment,"AI-assisted GTM planning with market, customer, channel, revenue and launch-readiness insights",Aha!,59,69,Tiered SaaS Subscription,Google Ads,Search Campaign,3800,11004,688,140,20.35,27.14,9660,35132.64,89,76,89,36,High,Pre-Launch,In Progress
LP-023,LaunchPilot AI,AI SaaS / Product Management,Mid-Market SaaS,Product Marketing Manager,Sofia Product Marketer,UK,Technology,Unclear target segment,"AI-assisted GTM planning with market, customer, channel, revenue and launch-readiness insights",Jira Product Discovery,10,89,Tiered SaaS Subscription,Email,Nurture Sequence,5400,29669,1351,236,17.47,22.88,21004,64475.84,78,69,94,21,Medium,Launch,Ready
LP-024,LaunchPilot AI,AI SaaS / Product Management,Digital Agencies,Strategy Lead,Daniel Growth Lead,India,Professional Services,Poor channel attribution,"AI-assisted GTM planning with market, customer, channel, revenue and launch-readiness insights",Notion,10,59,Tiered SaaS Subscription,SEO,Product Webinar,1100,5643,265,37,13.96,29.73,2183,6488.53,70,73,64,56,High,Post-Launch,Launched
LP-025,LaunchPilot AI,AI SaaS / Product Management,FinTech Scaleups,Growth Manager,Priya Strategy Analyst,Singapore,Financial Services,Unclear target segment,"AI-assisted GTM planning with market, customer, channel, revenue and launch-readiness insights",Amplitude,49,89,Tiered SaaS Subscription,Webinars,Video Demo,2300,17230,372,75,20.16,30.67,6675,28280.35,67,87,65,44,Medium,Pre-Launch,Optimizing
LP-026,LaunchPilot AI,AI SaaS / Product Management,EdTech Companies,Product Manager,Maya Founder,India,Education,Slow cross-functional alignment,"AI-assisted GTM planning with market, customer, channel, revenue and launch-readiness insights",Productboard,119,79,Tiered SaaS Subscription,YouTube,Retargeting,4400,21130,684,69,10.09,63.77,5451,25339.38,80,76,85,26,Medium,Launch,Planned
LP-027,LaunchPilot AI,AI SaaS / Product Management,E-commerce Brands,Growth Lead,Arjun Product Manager,US,Retail,Fragmented launch planning,"AI-assisted GTM planning with market, customer, channel, revenue and launch-readiness insights",Aha!,59,89,Tiered SaaS Subscription,Meta Ads,Partner Campaign,2700,18982,614,110,17.92,24.55,9790,24748.59,71,70,94,31,Medium,Post-Launch,In Progress
LP-028,LaunchPilot AI,AI SaaS / Product Management,B2B SaaS,Business Analyst,Sofia Product Marketer,Germany,Technology,Weak competitor visibility,"AI-assisted GTM planning with market, customer, channel, revenue and launch-readiness insights",Jira Product Discovery,10,59,Tiered SaaS Subscription,Partnerships,Community Launch,1600,15436,979,196,20.02,8.16,11564,38796.78,93,94,94,37,Medium,Pre-Launch,Ready
LP-029,LaunchPilot AI,AI SaaS / Product Management,Consulting Firms,Consultant,Daniel Growth Lead,UAE,Professional Services,Slow cross-functional alignment,"AI-assisted GTM planning with market, customer, channel, revenue and launch-readiness insights",Notion,10,89,Tiered SaaS Subscription,Community Marketing,Influencer Review,4100,4256,220,32,14.55,128.12,2848,8005.04,73,76,67,24,Medium,Launch,Launched
LP-030,LaunchPilot AI,AI SaaS / Product Management,Tech SMEs,Founder,Priya Strategy Analyst,Australia,Technology,Weak competitor visibility,"AI-assisted GTM planning with market, customer, channel, revenue and launch-readiness insights",Amplitude,49,79,Tiered SaaS Subscription,Influencers,SEO Content,1700,12924,394,36,9.14,47.22,2844,8847.09,81,84,91,34,High,Post-Launch,Optimizing
LP-031,LaunchPilot AI,AI SaaS / Product Management,SaaS Startups,Founder,Maya Founder,US,Technology,Weak competitor visibility,"AI-assisted GTM planning with market, customer, channel, revenue and launch-readiness insights",Productboard,119,39,Tiered SaaS Subscription,LinkedIn,Thought Leadership,4800,17879,1083,72,6.65,66.67,2808,13515.91,81,73,88,53,Medium,Pre-Launch,Planned
LP-032,LaunchPilot AI,AI SaaS / Product Management,SaaS Startups,Product Manager,Arjun Product Manager,India,Technology,Slow cross-functional alignment,"AI-assisted GTM planning with market, customer, channel, revenue and launch-readiness insights",Aha!,59,69,Tiered SaaS Subscription,Google Ads,Search Campaign,4300,4316,91,19,20.88,226.32,1311,6832.65,67,94,83,55,Medium,Launch,In Progress
LP-033,LaunchPilot AI,AI SaaS / Product Management,Mid-Market SaaS,Product Marketing Manager,Sofia Product Marketer,UK,Technology,Fragmented launch planning,"AI-assisted GTM planning with market, customer, channel, revenue and launch-readiness insights",Jira Product Discovery,10,49,Tiered SaaS Subscription,Email,Nurture Sequence,3500,8176,141,16,11.35,218.75,784,4074.27,78,89,75,60,High,Post-Launch,Ready
LP-034,LaunchPilot AI,AI SaaS / Product Management,Digital Agencies,Strategy Lead,Daniel Growth Lead,India,Professional Services,Poor channel attribution,"AI-assisted GTM planning with market, customer, channel, revenue and launch-readiness insights",Notion,10,59,Tiered SaaS Subscription,SEO,Product Webinar,5700,22346,1421,177,12.46,32.2,10443,49587.88,80,73,71,44,High,Pre-Launch,Launched
LP-035,LaunchPilot AI,AI SaaS / Product Management,FinTech Scaleups,Growth Manager,Priya Strategy Analyst,Singapore,Financial Services,Slow cross-functional alignment,"AI-assisted GTM planning with market, customer, channel, revenue and launch-readiness insights",Amplitude,49,49,Tiered SaaS Subscription,Webinars,Video Demo,5500,14885,863,108,12.51,50.93,5292,26947.88,80,76,70,62,High,Launch,Optimizing
LP-036,LaunchPilot AI,AI SaaS / Product Management,EdTech Companies,Product Manager,Maya Founder,India,Education,Manual revenue forecasting,"AI-assisted GTM planning with market, customer, channel, revenue and launch-readiness insights",Productboard,119,69,Tiered SaaS Subscription,YouTube,Retargeting,1000,19423,528,100,18.94,10.0,6900,24487.93,79,75,61,60,High,Post-Launch,Planned
LP-037,LaunchPilot AI,AI SaaS / Product Management,E-commerce Brands,Growth Lead,Arjun Product Manager,US,Retail,Weak competitor visibility,"AI-assisted GTM planning with market, customer, channel, revenue and launch-readiness insights",Aha!,59,69,Tiered SaaS Subscription,Meta Ads,Partner Campaign,2900,13129,821,176,21.44,16.48,12144,43152.96,90,89,94,39,High,Pre-Launch,In Progress
LP-038,LaunchPilot AI,AI SaaS / Product Management,B2B SaaS,Business Analyst,Sofia Product Marketer,Germany,Technology,Fragmented launch planning,"AI-assisted GTM planning with market, customer, channel, revenue and launch-readiness insights",Jira Product Discovery,10,39,Tiered SaaS Subscription,Partnerships,Community Launch,2400,9851,462,100,21.65,24.0,3900,11018.31,92,79,80,45,Medium,Launch,Ready
LP-039,LaunchPilot AI,AI SaaS / Product Management,Consulting Firms,Consultant,Daniel Growth Lead,UAE,Professional Services,Fragmented launch planning,"AI-assisted GTM planning with market, customer, channel, revenue and launch-readiness insights",Notion,10,79,Tiered SaaS Subscription,Community Marketing,Influencer Review,1500,16622,1071,96,8.96,15.62,7584,35086.28,65,84,94,61,Medium,Post-Launch,Launched
LP-040,LaunchPilot AI,AI SaaS / Product Management,Tech SMEs,Founder,Priya Strategy Analyst,Australia,Technology,Slow cross-functional alignment,"AI-assisted GTM planning with market, customer, channel, revenue and launch-readiness insights",Amplitude,49,89,Tiered SaaS Subscription,Influencers,SEO Content,5500,25975,671,86,12.82,63.95,7654,40277.74,85,89,67,37,Medium,Pre-Launch,Optimizing
LP-041,LaunchPilot AI,AI SaaS / Product Management,SaaS Startups,Founder,Maya Founder,US,Technology,Poor channel attribution,"AI-assisted GTM planning with market, customer, channel, revenue and launch-readiness insights",Productboard,119,59,Tiered SaaS Subscription,LinkedIn,Thought Leadership,5000,17382,572,98,17.13,51.02,5782,16662.93,91,89,84,61,Medium,Launch,Planned
LP-042,LaunchPilot AI,AI SaaS / Product Management,SaaS Startups,Product Manager,Arjun Product Manager,India,Technology,Fragmented launch planning,"AI-assisted GTM planning with market, customer, channel, revenue and launch-readiness insights",Aha!,59,49,Tiered SaaS Subscription,Google Ads,Search Campaign,4700,22648,714,105,14.71,44.76,5145,17552.81,78,81,80,47,High,Post-Launch,In Progress
LP-043,LaunchPilot AI,AI SaaS / Product Management,Mid-Market SaaS,Product Marketing Manager,Sofia Product Marketer,UK,Technology,Slow cross-functional alignment,"AI-assisted GTM planning with market, customer, channel, revenue and launch-readiness insights",Jira Product Discovery,10,69,Tiered SaaS Subscription,Email,Nurture Sequence,5100,11002,474,88,18.57,57.95,6072,18271.1,70,77,92,60,Medium,Pre-Launch,Ready
LP-044,LaunchPilot AI,AI SaaS / Product Management,Digital Agencies,Strategy Lead,Daniel Growth Lead,India,Professional Services,Slow cross-functional alignment,"AI-assisted GTM planning with market, customer, channel, revenue and launch-readiness insights",Notion,10,79,Tiered SaaS Subscription,SEO,Product Webinar,2900,7060,423,76,17.97,38.16,6004,20601.28,77,72,61,20,High,Launch,Launched
LP-045,LaunchPilot AI,AI SaaS / Product Management,FinTech Scaleups,Growth Manager,Priya Strategy Analyst,Singapore,Financial Services,Slow cross-functional alignment,"AI-assisted GTM planning with market, customer, channel, revenue and launch-readiness insights",Amplitude,49,69,Tiered SaaS Subscription,Webinars,Video Demo,4700,29181,554,69,12.45,68.12,4761,20124.81,89,83,85,33,High,Post-Launch,Optimizing
LP-046,LaunchPilot AI,AI SaaS / Product Management,EdTech Companies,Product Manager,Maya Founder,India,Education,Fragmented launch planning,"AI-assisted GTM planning with market, customer, channel, revenue and launch-readiness insights",Productboard,119,89,Tiered SaaS Subscription,YouTube,Retargeting,5200,4181,267,52,19.48,100.0,4628,22377.59,79,73,93,47,High,Pre-Launch,Planned
LP-047,LaunchPilot AI,AI SaaS / Product Management,E-commerce Brands,Growth Lead,Arjun Product Manager,US,Retail,Slow cross-functional alignment,"AI-assisted GTM planning with market, customer, channel, revenue and launch-readiness insights",Aha!,59,79,Tiered SaaS Subscription,Meta Ads,Partner Campaign,2300,7976,319,60,18.81,38.33,4740,19402.7,85,92,88,57,Medium,Launch,In Progress
LP-048,LaunchPilot AI,AI SaaS / Product Management,B2B SaaS,Business Analyst,Sofia Product Marketer,Germany,Technology,Manual revenue forecasting,"AI-assisted GTM planning with market, customer, channel, revenue and launch-readiness insights",Jira Product Discovery,10,79,Tiered SaaS Subscription,Partnerships,Community Launch,3500,21952,867,74,8.54,47.3,5846,22508.32,80,94,77,51,High,Post-Launch,Ready
LP-049,LaunchPilot AI,AI SaaS / Product Management,Consulting Firms,Consultant,Daniel Growth Lead,UAE,Professional Services,Unclear target segment,"AI-assisted GTM planning with market, customer, channel, revenue and launch-readiness insights",Notion,10,89,Tiered SaaS Subscription,Community Marketing,Influencer Review,2300,12998,509,88,17.29,26.14,7832,25964.22,85,85,65,26,High,Pre-Launch,Launched
LP-050,LaunchPilot AI,AI SaaS / Product Management,Tech SMEs,Founder,Priya Strategy Analyst,Australia,Technology,Manual revenue forecasting,"AI-assisted GTM planning with market, customer, channel, revenue and launch-readiness insights",Amplitude,49,49,Tiered SaaS Subscription,Influencers,SEO Content,3200,26739,625,58,9.28,55.17,2842,10580.19,94,81,63,31,High,Launch,Optimizing
LP-051,LaunchPilot AI,AI SaaS / Product Management,SaaS Startups,Founder,Maya Founder,US,Technology,Poor channel attribution,"AI-assisted GTM planning with market, customer, channel, revenue and launch-readiness insights",Productboard,119,69,Tiered SaaS Subscription,LinkedIn,Thought Leadership,5700,23139,1551,97,6.25,58.76,6693,24370.17,65,79,79,42,High,Post-Launch,Planned
LP-052,LaunchPilot AI,AI SaaS / Product Management,SaaS Startups,Product Manager,Arjun Product Manager,India,Technology,Unclear target segment,"AI-assisted GTM planning with market, customer, channel, revenue and launch-readiness insights",Aha!,59,79,Tiered SaaS Subscription,Google Ads,Search Campaign,5500,28072,1264,197,15.59,27.92,15563,61702.45,82,81,91,19,High,Pre-Launch,In Progress
LP-053,LaunchPilot AI,AI SaaS / Product Management,Mid-Market SaaS,Product Marketing Manager,Sofia Product Marketer,UK,Technology,Manual revenue forecasting,"AI-assisted GTM planning with market, customer, channel, revenue and launch-readiness insights",Jira Product Discovery,10,59,Tiered SaaS Subscription,Email,Nurture Sequence,5000,26254,1546,271,17.53,18.45,15989,84080.15,66,80,61,23,Medium,Launch,Ready
LP-054,LaunchPilot AI,AI SaaS / Product Management,Digital Agencies,Strategy Lead,Daniel Growth Lead,India,Professional Services,Weak competitor visibility,"AI-assisted GTM planning with market, customer, channel, revenue and launch-readiness insights",Notion,10,69,Tiered SaaS Subscription,SEO,Product Webinar,1600,19128,478,48,10.04,33.33,3312,10383.06,85,78,84,35,High,Post-Launch,Launched
LP-055,LaunchPilot AI,AI SaaS / Product Management,FinTech Scaleups,Growth Manager,Priya Strategy Analyst,Singapore,Financial Services,Weak competitor visibility,"AI-assisted GTM planning with market, customer, channel, revenue and launch-readiness insights",Amplitude,49,59,Tiered SaaS Subscription,Webinars,Video Demo,1300,19411,311,45,14.47,28.89,2655,8423.43,69,92,62,19,High,Pre-Launch,Optimizing
LP-056,LaunchPilot AI,AI SaaS / Product Management,EdTech Companies,Product Manager,Maya Founder,India,Education,Slow cross-functional alignment,"AI-assisted GTM planning with market, customer, channel, revenue and launch-readiness insights",Productboard,119,49,Tiered SaaS Subscription,YouTube,Retargeting,900,24359,569,45,7.91,20.0,2205,6269.19,78,82,76,41,High,Launch,Planned
LP-057,LaunchPilot AI,AI SaaS / Product Management,E-commerce Brands,Growth Lead,Arjun Product Manager,US,Retail,Unclear target segment,"AI-assisted GTM planning with market, customer, channel, revenue and launch-readiness insights",Aha!,59,79,Tiered SaaS Subscription,Meta Ads,Partner Campaign,4600,28508,1553,286,18.42,16.08,22594,121875.7,71,86,61,37,Medium,Post-Launch,In Progress
LP-058,LaunchPilot AI,AI SaaS / Product Management,B2B SaaS,Business Analyst,Sofia Product Marketer,Germany,Technology,Poor channel attribution,"AI-assisted GTM planning with market, customer, channel, revenue and launch-readiness insights",Jira Product Discovery,10,89,Tiered SaaS Subscription,Partnerships,Community Launch,3200,16997,1135,104,9.16,30.77,9256,42316.98,80,71,79,61,Medium,Pre-Launch,Ready
LP-059,LaunchPilot AI,AI SaaS / Product Management,Consulting Firms,Consultant,Daniel Growth Lead,UAE,Professional Services,Manual revenue forecasting,"AI-assisted GTM planning with market, customer, channel, revenue and launch-readiness insights",Notion,10,39,Tiered SaaS Subscription,Community Marketing,Influencer Review,5800,22544,1308,151,11.54,38.41,5889,26409.6,69,84,81,18,High,Launch,Launched
LP-060,LaunchPilot AI,AI SaaS / Product Management,Tech SMEs,Founder,Priya Strategy Analyst,Australia,Technology,Manual revenue forecasting,"AI-assisted GTM planning with market, customer, channel, revenue and launch-readiness insights",Amplitude,49,69,Tiered SaaS Subscription,Influencers,SEO Content,1400,18205,1235,199,16.11,7.04,13731,63463.66,92,73,93,59,High,Post-Launch,Optimizing
LP-061,LaunchPilot AI,AI SaaS / Product Management,SaaS Startups,Founder,Maya Founder,US,Technology,Slow cross-functional alignment,"AI-assisted GTM planning with market, customer, channel, revenue and launch-readiness insights",Productboard,119,79,Tiered SaaS Subscription,LinkedIn,Thought Leadership,5900,21634,1246,167,13.4,35.33,13193,56432.05,85,75,65,35,High,Pre-Launch,Planned
LP-062,LaunchPilot AI,AI SaaS / Product Management,SaaS Startups,Product Manager,Arjun Product Manager,India,Technology,Weak competitor visibility,"AI-assisted GTM planning with market, customer, channel, revenue and launch-readiness insights",Aha!,59,49,Tiered SaaS Subscription,Google Ads,Search Campaign,5600,19227,891,148,16.61,37.84,7252,18754.4,85,73,91,31,High,Launch,In Progress
LP-063,LaunchPilot AI,AI SaaS / Product Management,Mid-Market SaaS,Product Marketing Manager,Sofia Product Marketer,UK,Technology,Weak competitor visibility,"AI-assisted GTM planning with market, customer, channel, revenue and launch-readiness insights",Jira Product Discovery,10,59,Tiered SaaS Subscription,Email,Nurture Sequence,2900,13163,834,143,17.15,20.28,8437,35160.13,77,70,75,44,High,Post-Launch,Ready
LP-064,LaunchPilot AI,AI SaaS / Product Management,Digital Agencies,Strategy Lead,Daniel Growth Lead,India,Professional Services,Manual revenue forecasting,"AI-assisted GTM planning with market, customer, channel, revenue and launch-readiness insights",Notion,10,79,Tiered SaaS Subscription,SEO,Product Webinar,5600,11874,629,102,16.22,54.9,8058,30979.17,66,70,78,32,High,Pre-Launch,Launched
LP-065,LaunchPilot AI,AI SaaS / Product Management,FinTech Scaleups,Growth Manager,Priya Strategy Analyst,Singapore,Financial Services,Poor channel attribution,"AI-assisted GTM planning with market, customer, channel, revenue and launch-readiness insights",Amplitude,49,89,Tiered SaaS Subscription,Webinars,Video Demo,2300,14033,722,85,11.77,27.06,7565,30961.77,92,91,95,39,High,Launch,Optimizing
LP-066,LaunchPilot AI,AI SaaS / Product Management,EdTech Companies,Product Manager,Maya Founder,India,Education,Slow cross-functional alignment,"AI-assisted GTM planning with market, customer, channel, revenue and launch-readiness insights",Productboard,119,89,Tiered SaaS Subscription,YouTube,Retargeting,3700,12877,410,39,9.51,94.87,3471,10682.88,72,91,94,62,High,Post-Launch,Planned
LP-067,LaunchPilot AI,AI SaaS / Product Management,E-commerce Brands,Growth Lead,Arjun Product Manager,US,Retail,Poor channel attribution,"AI-assisted GTM planning with market, customer, channel, revenue and launch-readiness insights",Aha!,59,49,Tiered SaaS Subscription,Meta Ads,Partner Campaign,2100,28202,1174,206,17.55,10.19,10094,43307.02,71,94,72,36,High,Pre-Launch,In Progress
LP-068,LaunchPilot AI,AI SaaS / Product Management,B2B SaaS,Business Analyst,Sofia Product Marketer,Germany,Technology,Weak competitor visibility,"AI-assisted GTM planning with market, customer, channel, revenue and launch-readiness insights",Jira Product Discovery,10,59,Tiered SaaS Subscription,Partnerships,Community Launch,1900,13904,219,31,14.16,61.29,1829,4822.24,68,85,78,62,High,Launch,Ready
LP-069,LaunchPilot AI,AI SaaS / Product Management,Consulting Firms,Consultant,Daniel Growth Lead,UAE,Professional Services,Weak competitor visibility,"AI-assisted GTM planning with market, customer, channel, revenue and launch-readiness insights",Notion,10,89,Tiered SaaS Subscription,Community Marketing,Influencer Review,5600,20085,414,25,6.04,224.0,2225,8695.72,93,78,71,21,High,Post-Launch,Launched
LP-070,LaunchPilot AI,AI SaaS / Product Management,Tech SMEs,Founder,Priya Strategy Analyst,Australia,Technology,Slow cross-functional alignment,"AI-assisted GTM planning with market, customer, channel, revenue and launch-readiness insights",Amplitude,49,69,Tiered SaaS Subscription,Influencers,SEO Content,1500,6141,227,16,7.05,93.75,1104,5033.53,74,72,79,23,High,Pre-Launch,Optimizing
LP-071,LaunchPilot AI,AI SaaS / Product Management,SaaS Startups,Founder,Maya Founder,US,Technology,Poor channel attribution,"AI-assisted GTM planning with market, customer, channel, revenue and launch-readiness insights",Productboard,119,39,Tiered SaaS Subscription,LinkedIn,Thought Leadership,4300,29049,1100,170,15.45,25.29,6630,21063.92,89,82,88,37,Medium,Launch,Planned
LP-072,LaunchPilot AI,AI SaaS / Product Management,SaaS Startups,Product Manager,Arjun Product Manager,India,Technology,Slow cross-functional alignment,"AI-assisted GTM planning with market, customer, channel, revenue and launch-readiness insights",Aha!,59,69,Tiered SaaS Subscription,Google Ads,Search Campaign,2700,22632,1112,175,15.74,15.43,12075,33782.24,78,88,73,34,Medium,Post-Launch,In Progress
LP-073,LaunchPilot AI,AI SaaS / Product Management,Mid-Market SaaS,Product Marketing Manager,Sofia Product Marketer,UK,Technology,Fragmented launch planning,"AI-assisted GTM planning with market, customer, channel, revenue and launch-readiness insights",Jira Product Discovery,10,39,Tiered SaaS Subscription,Email,Nurture Sequence,1800,11859,291,20,6.87,90.0,780,2905.93,95,77,62,32,High,Pre-Launch,Ready
LP-074,LaunchPilot AI,AI SaaS / Product Management,Digital Agencies,Strategy Lead,Daniel Growth Lead,India,Professional Services,Unclear target segment,"AI-assisted GTM planning with market, customer, channel, revenue and launch-readiness insights",Notion,10,89,Tiered SaaS Subscription,SEO,Product Webinar,2600,27035,1683,120,7.13,21.67,10680,56302.11,77,81,67,52,High,Launch,Launched
LP-075,LaunchPilot AI,AI SaaS / Product Management,FinTech Scaleups,Growth Manager,Priya Strategy Analyst,Singapore,Financial Services,Unclear target segment,"AI-assisted GTM planning with market, customer, channel, revenue and launch-readiness insights",Amplitude,49,89,Tiered SaaS Subscription,Webinars,Video Demo,1700,12704,768,54,7.03,31.48,4806,23443.12,83,82,67,47,Medium,Post-Launch,Optimizing
LP-076,LaunchPilot AI,AI SaaS / Product Management,EdTech Companies,Product Manager,Maya Founder,India,Education,Manual revenue forecasting,"AI-assisted GTM planning with market, customer, channel, revenue and launch-readiness insights",Productboard,119,59,Tiered SaaS Subscription,YouTube,Retargeting,5200,17189,1149,160,13.93,32.5,9440,35997.33,67,81,80,56,High,Pre-Launch,Planned
LP-077,LaunchPilot AI,AI SaaS / Product Management,E-commerce Brands,Growth Lead,Arjun Product Manager,US,Retail,Poor channel attribution,"AI-assisted GTM planning with market, customer, channel, revenue and launch-readiness insights",Aha!,59,39,Tiered SaaS Subscription,Meta Ads,Partner Campaign,1300,11501,780,151,19.36,8.61,5889,25095.2,66,92,77,54,High,Launch,In Progress
LP-078,LaunchPilot AI,AI SaaS / Product Management,B2B SaaS,Business Analyst,Sofia Product Marketer,Germany,Technology,Unclear target segment,"AI-assisted GTM planning with market, customer, channel, revenue and launch-readiness insights",Jira Product Discovery,10,49,Tiered SaaS Subscription,Partnerships,Community Launch,3800,21005,1067,220,20.62,17.27,10780,59191.22,92,88,91,23,High,Post-Launch,Ready
LP-079,LaunchPilot AI,AI SaaS / Product Management,Consulting Firms,Consultant,Daniel Growth Lead,UAE,Professional Services,Unclear target segment,"AI-assisted GTM planning with market, customer, channel, revenue and launch-readiness insights",Notion,10,59,Tiered SaaS Subscription,Community Marketing,Influencer Review,3400,14921,487,37,7.6,91.89,2183,7617.38,96,77,85,53,High,Pre-Launch,Launched
LP-080,LaunchPilot AI,AI SaaS / Product Management,Tech SMEs,Founder,Priya Strategy Analyst,Australia,Technology,Manual revenue forecasting,"AI-assisted GTM planning with market, customer, channel, revenue and launch-readiness insights",Amplitude,49,69,Tiered SaaS Subscription,Influencers,SEO Content,1300,14306,413,32,7.75,40.62,2208,11249.17,65,89,94,47,High,Launch,Optimizing
LP-081,LaunchPilot AI,AI SaaS / Product Management,SaaS Startups,Founder,Maya Founder,US,Technology,Slow cross-functional alignment,"AI-assisted GTM planning with market, customer, channel, revenue and launch-readiness insights",Productboard,119,39,Tiered SaaS Subscription,LinkedIn,Thought Leadership,2000,20988,732,132,18.03,15.15,5148,19696.88,68,74,77,53,High,Post-Launch,Planned
LP-082,LaunchPilot AI,AI SaaS / Product Management,SaaS Startups,Product Manager,Arjun Product Manager,India,Technology,Slow cross-functional alignment,"AI-assisted GTM planning with market, customer, channel, revenue and launch-readiness insights",Aha!,59,59,Tiered SaaS Subscription,Google Ads,Search Campaign,3600,26880,1119,72,6.43,50.0,4248,18379.46,80,90,70,37,Medium,Pre-Launch,In Progress
LP-083,LaunchPilot AI,AI SaaS / Product Management,Mid-Market SaaS,Product Marketing Manager,Sofia Product Marketer,UK,Technology,Fragmented launch planning,"AI-assisted GTM planning with market, customer, channel, revenue and launch-readiness insights",Jira Product Discovery,10,39,Tiered SaaS Subscription,Email,Nurture Sequence,4300,17369,349,76,21.78,56.58,2964,11513.19,72,88,69,49,Medium,Launch,Ready
LP-084,LaunchPilot AI,AI SaaS / Product Management,Digital Agencies,Strategy Lead,Daniel Growth Lead,India,Professional Services,Manual revenue forecasting,"AI-assisted GTM planning with market, customer, channel, revenue and launch-readiness insights",Notion,10,59,Tiered SaaS Subscription,SEO,Product Webinar,4000,27114,814,157,19.29,25.48,9263,29930.54,74,80,72,56,Medium,Post-Launch,Launched
LP-085,LaunchPilot AI,AI SaaS / Product Management,FinTech Scaleups,Growth Manager,Priya Strategy Analyst,Singapore,Financial Services,Manual revenue forecasting,"AI-assisted GTM planning with market, customer, channel, revenue and launch-readiness insights",Amplitude,49,89,Tiered SaaS Subscription,Webinars,Video Demo,1600,6287,189,35,18.52,45.71,3115,10963.63,82,94,60,36,Medium,Pre-Launch,Optimizing
LP-086,LaunchPilot AI,AI SaaS / Product Management,EdTech Companies,Product Manager,Maya Founder,India,Education,Unclear target segment,"AI-assisted GTM planning with market, customer, channel, revenue and launch-readiness insights",Productboard,119,59,Tiered SaaS Subscription,YouTube,Retargeting,4500,23002,1608,222,13.81,20.27,13098,50291.63,95,79,81,53,Medium,Launch,Planned
LP-087,LaunchPilot AI,AI SaaS / Product Management,E-commerce Brands,Growth Lead,Arjun Product Manager,US,Retail,Unclear target segment,"AI-assisted GTM planning with market, customer, channel, revenue and launch-readiness insights",Aha!,59,69,Tiered SaaS Subscription,Meta Ads,Partner Campaign,3700,14544,913,198,21.69,18.69,13662,57590.7,79,92,86,20,High,Post-Launch,In Progress
LP-088,LaunchPilot AI,AI SaaS / Product Management,B2B SaaS,Business Analyst,Sofia Product Marketer,Germany,Technology,Slow cross-functional alignment,"AI-assisted GTM planning with market, customer, channel, revenue and launch-readiness insights",Jira Product Discovery,10,89,Tiered SaaS Subscription,Partnerships,Community Launch,3800,27108,1768,213,12.05,17.84,18957,92456.72,74,83,62,26,Medium,Pre-Launch,Ready
LP-089,LaunchPilot AI,AI SaaS / Product Management,Consulting Firms,Consultant,Daniel Growth Lead,UAE,Professional Services,Poor channel attribution,"AI-assisted GTM planning with market, customer, channel, revenue and launch-readiness insights",Notion,10,79,Tiered SaaS Subscription,Community Marketing,Influencer Review,2900,7288,459,59,12.85,49.15,4661,24383.21,65,91,69,44,Medium,Launch,Launched
LP-090,LaunchPilot AI,AI SaaS / Product Management,Tech SMEs,Founder,Priya Strategy Analyst,Australia,Technology,Poor channel attribution,"AI-assisted GTM planning with market, customer, channel, revenue and launch-readiness insights",Amplitude,49,49,Tiered SaaS Subscription,Influencers,SEO Content,1200,19384,1123,114,10.15,10.53,5586,25573.34,70,78,94,42,High,Post-Launch,Optimizing
LP-091,LaunchPilot AI,AI SaaS / Product Management,SaaS Startups,Founder,Maya Founder,US,Technology,Poor channel attribution,"AI-assisted GTM planning with market, customer, channel, revenue and launch-readiness insights",Productboard,119,89,Tiered SaaS Subscription,LinkedIn,Thought Leadership,5300,28884,1208,177,14.65,29.94,15753,42616.0,83,75,65,45,High,Pre-Launch,Planned
LP-092,LaunchPilot AI,AI SaaS / Product Management,SaaS Startups,Product Manager,Arjun Product Manager,India,Technology,Fragmented launch planning,"AI-assisted GTM planning with market, customer, channel, revenue and launch-readiness insights",Aha!,59,89,Tiered SaaS Subscription,Google Ads,Search Campaign,5300,7293,287,49,17.07,108.16,4361,11504.2,68,77,82,41,High,Launch,In Progress
LP-093,LaunchPilot AI,AI SaaS / Product Management,Mid-Market SaaS,Product Marketing Manager,Sofia Product Marketer,UK,Technology,Unclear target segment,"AI-assisted GTM planning with market, customer, channel, revenue and launch-readiness insights",Jira Product Discovery,10,49,Tiered SaaS Subscription,Email,Nurture Sequence,2300,21405,806,136,16.87,16.91,6664,20058.31,70,87,84,57,Medium,Post-Launch,Ready
LP-094,LaunchPilot AI,AI SaaS / Product Management,Digital Agencies,Strategy Lead,Daniel Growth Lead,India,Professional Services,Weak competitor visibility,"AI-assisted GTM planning with market, customer, channel, revenue and launch-readiness insights",Notion,10,49,Tiered SaaS Subscription,SEO,Product Webinar,3900,23108,528,70,13.26,55.71,3430,13303.98,65,93,89,36,Medium,Pre-Launch,Launched
LP-095,LaunchPilot AI,AI SaaS / Product Management,FinTech Scaleups,Growth Manager,Priya Strategy Analyst,Singapore,Financial Services,Poor channel attribution,"AI-assisted GTM planning with market, customer, channel, revenue and launch-readiness insights",Amplitude,49,79,Tiered SaaS Subscription,Webinars,Video Demo,1800,6420,252,29,11.51,62.07,2291,7783.59,92,90,76,47,High,Launch,Optimizing
LP-096,LaunchPilot AI,AI SaaS / Product Management,EdTech Companies,Product Manager,Maya Founder,India,Education,Weak competitor visibility,"AI-assisted GTM planning with market, customer, channel, revenue and launch-readiness insights",Productboard,119,49,Tiered SaaS Subscription,YouTube,Retargeting,3200,19833,413,49,11.86,65.31,2401,10142.87,83,68,85,35,High,Post-Launch,Planned
LP-097,LaunchPilot AI,AI SaaS / Product Management,E-commerce Brands,Growth Lead,Arjun Product Manager,US,Retail,Poor channel attribution,"AI-assisted GTM planning with market, customer, channel, revenue and launch-readiness insights",Aha!,59,79,Tiered SaaS Subscription,Meta Ads,Partner Campaign,5100,29503,1650,111,6.73,45.95,8769,41525.74,83,92,74,56,High,Pre-Launch,In Progress
LP-098,LaunchPilot AI,AI SaaS / Product Management,B2B SaaS,Business Analyst,Sofia Product Marketer,Germany,Technology,Slow cross-functional alignment,"AI-assisted GTM planning with market, customer, channel, revenue and launch-readiness insights",Jira Product Discovery,10,49,Tiered SaaS Subscription,Partnerships,Community Launch,4800,10230,502,84,16.73,57.14,4116,19766.73,73,88,66,58,Medium,Launch,Ready
LP-099,LaunchPilot AI,AI SaaS / Product Management,Consulting Firms,Consultant,Daniel Growth Lead,UAE,Professional Services,Slow cross-functional alignment,"AI-assisted GTM planning with market, customer, channel, revenue and launch-readiness insights",Notion,10,39,Tiered SaaS Subscription,Community Marketing,Influencer Review,2700,29841,1171,178,15.2,15.17,6942,20091.78,83,78,86,29,High,Post-Launch,Launched
LP-100,LaunchPilot AI,AI SaaS / Product Management,Tech SMEs,Founder,Priya Strategy Analyst,Australia,Technology,Poor channel attribution,"AI-assisted GTM planning with market, customer, channel, revenue and launch-readiness insights",Amplitude,49,49,Tiered SaaS Subscription,Influencers,SEO Content,5800,21675,1369,162,11.83,35.8,7938,41598.78,75,76,90,36,Medium,Pre-Launch,Optimizing
